,phrase,label,sentiment,subjectivity,language,count
US,US,GPE,0.049945968430662326,0.2479171378508113,en,245
U.S.,U.S.,GPE,0.08688709333595704,0.31895200995343054,en,176
France,France,GPE,0.007765347043802331,0.2446709643864114,en,123
Gaza,Gaza,GPE,0.08350215077796598,0.2698383387445887,en,92
Israel,Israel,GPE,0.013807247122795898,0.2521682086544891,en,82
New York City,New York City,GPE,0.1295939590712318,0.43750016179107065,en,75
Turkey,Turkey,GPE,0.09252722277722275,0.2391154678654678,en,65
China,China,GPE,0.1032075904694952,0.2906244901482996,en,63
New York,New York,GPE,0.06745663707784919,0.426362190932898,en,54
Japan,Japan,GPE,0.07494779140612476,0.2587277203249426,en,54
the United States,the United States,GPE,0.09184156378600822,0.19975611232147178,en,51
Germany,Germany,GPE,0.16858846153846158,0.25683974358974365,en,50
Hollywood,Hollywood,GPE,0.05086309523809524,0.3309162307599807,en,48
America,America,GPE,0.10976836471022518,0.3145364218038636,en,43
Washington,Washington,GPE,0.03260799963924964,0.20648764430014435,en,40
UK,UK,GPE,0.06595117845117845,0.12130331088664421,en,36
Venezuela,Venezuela,GPE,0.12148593073593077,0.35872294372294367,en,35
Luxembourg,Luxembourg,GPE,0.3081402737047899,0.6927614858260018,en,31
Ukraine,Ukraine,GPE,0.09206075533661741,0.188423645320197,en,29
Russia,Russia,GPE,0.10711486789072996,0.2672780763298005,en,29
WASHINGTON,WASHINGTON,GPE,0.09658494112197814,0.3350535335720521,en,27
Paris,Paris,GPE,0.06229603729603731,0.27741841491841485,en,26
Abu Dhabi,Abu Dhabi,GPE,0.0067882154882154865,0.2771703703703704,en,25
Georgia,Georgia,GPE,0.02637445887445887,0.38653896103896107,en,25
California,California,GPE,0.10500000000000002,0.2495138888888889,en,24
NYC,NYC,GPE,0.07918718434343434,0.3363762626262627,en,24
PARIS,PARIS,GPE,0.08977550805675803,0.32585497835497834,en,24
Texas,Texas,GPE,-0.02837301587301587,0.36532738095238093,en,24
Canada,Canada,GPE,0.09451032059727711,0.27240155174937786,en,23
Lebanon,Lebanon,GPE,0.12597320608684245,0.2201151121605667,en,22
Miami,Miami,GPE,0.004024990161353791,0.24682359307359303,en,22
Nigeria,Nigeria,GPE,0.00523989898989899,0.27922979797979797,en,22
Utah,Utah,GPE,0.0018675595238095213,0.16186011904761904,en,20
Iraq,Iraq,GPE,0.024958333333333332,0.35800000000000004,en,20
Qatar,Qatar,GPE,-0.11274621212121212,0.3361931818181818,en,20
Argentina,Argentina,GPE,0.1411084529505582,0.26056618819776717,en,19
India,India,GPE,0.10172448165869218,0.24639154704944174,en,19
United States,United States,GPE,0.019842873176206508,0.21704826038159375,en,18
Virginia,Virginia,GPE,0.030239898989898997,0.17325336700336702,en,18
Los Angeles,Los Angeles,GPE,0.032352941176470584,0.2735294117647059,en,17
Manhattan,Manhattan,GPE,0.16901419658772598,0.3381297215856039,en,17
North Carolina,North Carolina,GPE,0.07102272727272728,0.4276278409090909,en,16
Europe,Europe,LOC,0.0499100529100529,0.2017910052910053,en,15
Atlanta,Atlanta,GPE,0.04696428571428573,0.19916666666666666,en,14
DC,DC,GPE,-0.07213203463203463,0.31690115440115435,en,14
Chicago,Chicago,GPE,0.054761904761904755,0.18214285714285713,en,14
Algeria,Algeria,GPE,0.019230769230769232,0.029487179487179487,en,13
Ankara,Ankara,GPE,0.03076923076923077,0.22756410256410253,en,13
Florida,Florida,GPE,0.07945804195804196,0.2759615384615385,en,13
Portugal,Portugal,GPE,0.10087412587412589,0.417016317016317,en,13
Las Vegas,Las Vegas,GPE,0.019111952861952903,0.4357049663299663,en,12
Australia,Australia,GPE,0.0545770202020202,0.1914141414141414,en,12
LONDON,LONDON,GPE,0.11840277777777779,0.2673611111111111,en,12
Rhode,Rhode,GPE,0.08295454545454546,0.18693181818181817,en,12
Kyiv,Kyiv,GPE,0.03095238095238095,0.1996753246753247,en,11
Tennessee,Tennessee,GPE,-0.02272727272727274,0.3445454545454546,,11
Beijing,Beijing,GPE,0.032442307692307694,0.16419871794871796,en,10
London,London,GPE,0.1495021645021645,0.45143578643578647,en,10
Northern Ireland,Northern Ireland,GPE,-0.03333333333333334,0.35,en,10
Illinois,Illinois,GPE,0.05125,0.22625,en,10
D.C.,D.C.,GPE,0.06931216931216931,0.2374779541446208,en,9
Poland,Poland,GPE,0.04545454545454545,0.1515151515151515,en,9
New Jersey,New Jersey,GPE,0.34747474747474744,0.40331088664421993,en,9
NEW YORK,NEW YORK,GPE,0.13400994067660732,0.5256709956709957,en,9
Windsor,Windsor,GPE,-0.008564814814814812,0.0925925925925926,en,9
Kuwait,Kuwait,GPE,0.060016835016835,0.2404882154882155,en,9
Saudi Arabia,Saudi Arabia,GPE,0.015768799102132438,0.12643097643097642,en,9
Middle East,Middle East,LOC,0.04875982042648709,0.1619668911335578,en,9
Grammy,Grammy,LOC,0.22777777777777775,0.3244444444444444,en,9
Britain,Britain,GPE,0.0574074074074074,0.3,en,9
TOKYO,TOKYO,GPE,0.1111111111111111,0.21018518518518517,en,9
U.K.,U.K.,GPE,0.09204545454545456,0.30556818181818185,en,8
Doha,Doha,GPE,-0.0703125,0.17552083333333332,en,8
Arizona,Arizona,GPE,0.05714285714285715,0.3839285714285714,en,8
Latin Grammys,Latin Grammys,LOC,-0.20479166666666657,0.5096180555555556,en,8
Asia,Asia,LOC,-0.005468750000000001,0.1267361111111111,en,8
the United Kingdom,the United Kingdom,GPE,0.08010416666666666,0.31718750000000007,en,8
Norway,Norway,GPE,0.0375,0.15,en,8
Vatican City,Vatican City,GPE,0.008333333333333335,0.02403846153846154,en,8
Moscow,Moscow,GPE,-0.02500000000000002,0.24479166666666669,en,8
England,England,GPE,-0.10468750000000002,0.3885416666666667,en,8
Idaho,Idaho,GPE,0.23409090909090904,0.4636363636363636,en,8
Vegas,Vegas,GPE,-0.23671874999999992,0.3704861111111111,en,8
MOSCOW,MOSCOW,GPE,0.03648216862502577,0.15521541950113377,en,7
U.S,U.S,GPE,0.015600907029478457,0.15807256235827666,en,7
Yorgos Lanthimos,Yorgos Lanthimos,GPE,0.1207070707070707,0.4235209235209235,en,7
Wyoming,Wyoming,GPE,0.047619047619047616,0.4404761904761904,en,7
Wales,Wales,GPE,0.11557513914656771,0.39290352504638226,en,7
Italy,Italy,GPE,0.020941558441558438,0.17555916305916305,en,7
Inter Miami,Inter Miami,GPE,-0.06979166666666668,0.24166666666666667,en,6
STOCKHOLM,STOCKHOLM,GPE,0.0893939393939394,0.2674242424242424,en,6
Tokyo,Tokyo,GPE,0.09166666666666667,0.15,en,6
the Middle East,the Middle East,LOC,0.0896825396825397,0.24497354497354495,en,6
Seattle,Seattle,GPE,0.028095238095238104,0.41821428571428565,en,6
Carrickfergus,Carrickfergus,GPE,0.026388888888888892,0.04305555555555555,en,6
Portland,Portland,GPE,0.0069444444444444475,0.24305555555555558,en,6
Armenia,Armenia,GPE,0.05555555555555556,0.31666666666666665,en,6
Royal Lodge,Royal Lodge,GPE,0.016666666666666666,0.09166666666666667,en,6
South Korea,South Korea,GPE,0.04119191919191919,0.33189898989898986,en,5
Hungary,Hungary,GPE,-0.045000000000000005,0.14500000000000002,en,5
ANKARA,ANKARA,GPE,0.048777777777777774,0.18805555555555553,en,5
Sussex,Sussex,GPE,5.551115123125783e-18,0.36,en,5
Syria,Syria,GPE,0.2125,0.3,en,5
Wuthering Heights,Wuthering Heights,GPE,0.1229090909090909,0.475030303030303,en,5
Nashville,Nashville,GPE,0.08363636363636363,0.24545454545454545,en,5
Ontario,Ontario,GPE,0.16363636363636364,0.4354545454545454,en,5
Boston,Boston,GPE,0.1708333333333333,0.20833333333333331,en,5
Santa Barbara,Santa Barbara,GPE,0.027314814814814813,0.22018518518518518,en,5
Brazil,Brazil,GPE,-0.05722222222222223,0.1088888888888889,en,5
Stockholm,Stockholm,GPE,0.02,0.08,en,5
Ireland,Ireland,GPE,0.20999999999999996,0.2866666666666667,en,5
Slovenia,Slovenia,GPE,0.05,0.06666666666666667,en,5
Pennsylvania,Pennsylvania,GPE,-0.05,0.4,en,4
Brooklyn,Brooklyn,GPE,-0.0628787878787879,0.5088068181818182,en,4
Türkiye,Türkiye,GPE,0.03125,0.15833333333333333,en,4
Sputnik,Sputnik,GPE,0.07842712842712843,0.19662698412698415,en,4
Greece,Greece,GPE,-0.046875,0.140625,en,4
Palestine,Palestine,GPE,-0.006249999999999985,0.45625,en,4
Oregon,Oregon,GPE,-0.03125,0.10625,en,4
Edmonton,Edmonton,GPE,0.0,0.0,en,4
Americas,Americas,LOC,-0.28541666666666665,0.7729166666666667,en,4
Rome,Rome,GPE,0.15,0.21666666666666665,en,4
Oakland,Oakland,GPE,0.0,0.025,en,4
Ghana,Ghana,GPE,0.0,0.0,en,4
North Korea,North Korea,GPE,-0.23374999999999999,0.5354166666666667,en,4
Krakow,Krakow,GPE,0.10227272727272727,0.3409090909090909,en,4
Iran,Iran,GPE,-0.018749999999999992,0.25833333333333336,en,4
New Mexico,New Mexico,GPE,0.14299242424242423,0.4478219696969697,en,4
Oslo,Oslo,GPE,-0.025,0.025,en,4
Mississippi,Mississippi,GPE,-0.125,0.203125,en,4
Camp Rock,Camp Rock,LOC,0.25,0.7625,en,4
Karnataka,Karnataka,GPE,-0.0325,0.24499999999999997,en,4
Aramco,Aramco,GPE,0.12291666666666667,0.33125000000000004,en,4
South Park,South Park,LOC,0.11188785173160172,0.4687060335497835,en,4
Hailey,Hailey,GPE,0.24166666666666667,0.37916666666666665,en,3
Uruguay,Uruguay,GPE,0.0,0.43333333333333335,en,3
Lamar,Lamar,GPE,-0.23333333333333328,0.25555555555555554,en,3
VATICAN CITY,VATICAN CITY,GPE,0.014285714285714289,0.3523809523809524,en,3
Long Island,Long Island,GPE,0.13628787878787882,0.38026515151515144,en,3
Atlanta United,Atlanta United,GPE,0.41250000000000003,0.4666666666666666,en,3
Sydney,Sydney,GPE,0.2056096681096681,0.49561688311688307,en,3
Afghanistan,Afghanistan,GPE,-0.13203703703703704,0.3475925925925926,en,3
Earth,Earth,LOC,-0.8333333333333334,0.8333333333333334,en,3
Montana,Montana,GPE,-0.20000000000000004,0.3499999999999999,en,3
Scottsdale,Scottsdale,GPE,0.03333333333333333,0.13333333333333333,en,3
Berlin,Berlin,GPE,0.016666666666666666,0.06666666666666667,en,3
Louisville,Louisville,GPE,-0.11666666666666665,0.25,en,3
New York’s,New York’s,GPE,0.17424242424242423,0.4141414141414141,en,3
Fla.,Fla.,GPE,0.0,0.0,en,3
Calif.,Calif.,GPE,0.0,0.0,en,3
Colombia,Colombia,GPE,0.0,0.43333333333333335,en,3
Philadelphia,Philadelphia,GPE,-0.009523809523809525,0.42142857142857143,en,3
Hamptons,Hamptons,LOC,0.027777777777777776,0.29444444444444445,en,3
Brussels,Brussels,GPE,0.11666666666666665,0.15,en,3
Sweden,Sweden,GPE,0.0303030303030303,0.16450216450216448,en,3
Latin America,Latin America,LOC,-0.008333333333333323,0.21388888888888888,en,3
North America,North America,LOC,0.02777777777777778,0.2111111111111111,en,3
Louvre,Louvre,GPE,0.41250000000000003,0.5041666666666667,en,3
Manchester,Manchester,GPE,0.0,0.0,en,3
UNITED ARAB EMIRATES,UNITED ARAB EMIRATES,GPE,-0.3666666666666667,0.5583333333333333,en,3
Moldova,Moldova,GPE,-0.06666666666666667,0.06666666666666667,en,3
the West Bank,the West Bank,GPE,0.0,0.0,en,3
Judea,Judea,GPE,0.16818181818181818,0.46060606060606063,en,3
the East Wing,the East Wing,LOC,0.0446969696969697,0.11287878787878787,en,3
Pittsburgh,Pittsburgh,GPE,-0.0035714285714285744,0.14345238095238097,en,3
Vatican,Vatican,GPE,0.046085858585858584,0.11426767676767675,en,3
Bugonia,Bugonia,GPE,-0.08333333333333333,0.25,en,3
Romania,Romania,GPE,0.0,0.0,en,3
New Hampshire,New Hampshire,GPE,0.23257575757575757,0.5011784511784512,en,3
North Rhine-Westphalia,North Rhine-Westphalia,GPE,0.08333333333333333,0.22777777777777777,en,3
Nantucket,Nantucket,GPE,0.6287878787878788,0.7348484848484849,en,3
TX,TX,GPE,0.0,0.0,en,3
Istanbul,Istanbul,GPE,-0.049999999999999996,0.2972222222222222,en,3
BERLIN,BERLIN,GPE,0.33888888888888885,0.39259259259259255,en,3
Oman,Oman,GPE,0.04545454545454545,0.15151515151515152,en,3
Jacksonville,Jacksonville,GPE,-0.12777777777777777,0.35000000000000003,en,3
KOs,KOs,GPE,0.13333333333333333,0.06666666666666667,en,3
South Carolina,South Carolina,GPE,0.010830527497194167,0.2986531986531986,en,3
New Heights,New Heights,GPE,0.03888888888888888,0.35000000000000003,en,3
Pacific,Pacific,LOC,-0.15625,0.26666666666666666,en,3
the Gaza Strip,the Gaza Strip,GPE,0.09764309764309764,0.3255892255892256,en,3
Samaria,Samaria,GPE,0.16818181818181818,0.46060606060606063,en,3
Zohran,Zohran,GPE,-0.016666666666666666,0.2333333333333333,en,3
RUSSIA,RUSSIA,GPE,0.0,0.0,en,3
Mideast,Mideast,LOC,0.086984126984127,0.25396825396825395,en,3
Sparta,Sparta,GPE,0.18571428571428572,0.2904761904761905,en,3
Puerto Rico,Puerto Rico,GPE,-0.12499999999999994,0.5708333333333333,en,2
East Wing,East Wing,LOC,0.016666666666666663,0.25,en,2
Saudi Aramco,Saudi Aramco,GPE,0.32916666666666666,0.8375,en,2
The United States,The United States,GPE,0.0,0.0,en,2
the Global South,the Global South,LOC,0.0,0.0,en,2
Germanys,Germanys,GPE,0.1,0.3,en,2
Euronews,Euronews,GPE,0.028787878787878782,0.6181818181818182,en,2
New Republic,New Republic,GPE,0.06818181818181818,0.2772727272727273,en,2
SNCF,SNCF,GPE,0.06818181818181818,0.5085227272727273,en,2
Inter Miami's,Inter Miami's,GPE,0.5875,0.45,en,2
San Diego,San Diego,GPE,0.03571428571428571,0.1369047619047619,en,2
DRC,DRC,GPE,0.06818181818181818,0.22727272727272727,en,2
Yorgos Lanthimos's,Yorgos Lanthimos's,GPE,0.514469696969697,0.6246212121212121,en,2
Siri Faux Pas,Siri Faux Pas,LOC,0.0875,0.2520833333333333,en,2
Studiocanal,Studiocanal,GPE,0.0,0.0,en,2
Affleck,Affleck,GPE,0.13333333333333333,0.25,en,2
Denver,Denver,GPE,0.4086363636363636,0.6887878787878788,en,2
Paraguay,Paraguay,GPE,0.0,0.325,en,2
the Soviet Union,the Soviet Union,GPE,0.08333333333333333,0.25,en,2
the South China Sea,the South China Sea,LOC,0.13964646464646463,0.346969696969697,en,2
Islamizing,Islamizing,GPE,0.18412698412698414,0.353968253968254,en,2
Caribbean,Caribbean,LOC,-0.012500000000000002,0.20000000000000004,en,2
May.,May.,GPE,0.0,0.0,en,2
Gulf,Gulf,LOC,0.06818181818181818,0.22727272727272727,en,2
Spring,Spring,GPE,0.0,0.0,en,2
New NYC,New NYC,GPE,0.10227272727272727,0.46590909090909094,en,2
Xinjiang,Xinjiang,GPE,0.13964646464646463,0.346969696969697,en,2
Hong Kong,Hong Kong,GPE,0.13964646464646463,0.346969696969697,en,2
Eagles,Eagles,GPE,-0.05416666666666667,0.09166666666666666,en,2
Maine,Maine,GPE,0.15833333333333335,0.35555555555555557,en,2
Washington DC,Washington DC,GPE,0.071875,0.271875,en,2
Cannes,Cannes,GPE,0.2625,0.525,en,2
Hindi,Hindi,GPE,0.0,0.0,en,2
Kid Rock,Kid Rock,LOC,0.26071428571428573,0.5196428571428571,en,2
Copenhagen,Copenhagen,GPE,0.65,0.7,en,2
Buenos,Buenos,GPE,0.0,0.325,en,2
GERMANY,GERMANY,GPE,-0.375,0.5,en,2
rhode,rhode,GPE,0.21428571428571427,0.6428571428571429,en,2
New Caledonia,New Caledonia,GPE,0.06818181818181818,0.22727272727272727,en,2
Great Britain,Great Britain,GPE,0.26666666666666666,0.4166666666666667,en,2
Forest Lodge,Forest Lodge,GPE,-0.025,0.125,en,2
New York Magazine,New York Magazine,GPE,0.43333333333333335,0.8333333333333334,en,2
BAGHDAD,BAGHDAD,GPE,0.04,0.32,en,2
San Jose State,San Jose State,GPE,-0.014285714285714282,0.4761904761904762,en,2
Riyadh,Riyadh,GPE,0.19583333333333333,0.3666666666666667,en,2
Athens,Athens,GPE,0.0,0.0,en,2
Louisiana,Louisiana,GPE,0.0,0.0,en,2
CHICAGO,CHICAGO,GPE,0.0,0.0,en,2
Los Angeles Chargers,Los Angeles Chargers,GPE,-0.16666666666666666,0.5,en,2
Castel Gandolfo,Castel Gandolfo,GPE,0.1,0.15,en,2
Getty,Getty,GPE,0.0,1.0,en,2
Jaguars,Jaguars,GPE,-0.16666666666666666,0.5,en,2
New England,New England,LOC,0.1737012987012987,0.47483766233766234,en,2
New York City's,New York City's,GPE,0.24181818181818182,0.5010606060606061,en,2
Bengaluru,Bengaluru,GPE,0.0,0.0,en,2
Penn State,Penn State,GPE,0.465625,0.475,en,2
Toronto,Toronto,GPE,-0.3285714285714286,0.3571428571428572,en,2
NY,NY,GPE,-0.2,0.35,en,2
AMC,AMC,GPE,0.22916666666666669,0.33333333333333337,en,2
Libya,Libya,GPE,0.07500000000000001,0.6666666666666667,en,2
Drake,Drake,GPE,-0.05000000000000001,0.09999999999999999,en,2
Orem,Orem,GPE,-0.1,0.0,en,2
Dallas,Dallas,GPE,0.13333333333333333,0.7999999999999999,en,2
LUXEMBOURG,LUXEMBOURG,GPE,0.08333333333333333,0.2916666666666667,en,2
Beirut,Beirut,GPE,-0.03125,0.09375,en,2
TORONTO,TORONTO,GPE,0.05,0.05,en,2
Cherry Valley,Cherry Valley,LOC,0.2,0.30000000000000004,en,2
Carson,Carson,GPE,0.3,0.1,en,2
Budapest,Budapest,GPE,0.0,0.0,en,2
MIRAMAR,MIRAMAR,GPE,0.0,0.0,en,2
Albuquerque,Albuquerque,GPE,0.13977272727272727,0.4388257575757576,en,2
Michigan,Michigan,GPE,0.125,0.325,en,2
York,York,GPE,0.0,0.0,en,2
Gable Steveson,Gable Steveson,LOC,0.19810606060606062,0.4409090909090909,en,2
Vancouver,Vancouver,GPE,0.25,0.25,en,2
TVLine,TVLine,GPE,-0.05,0.825,en,2
Broadway League,Broadway League,GPE,0.0,0.5,en,2
Jerusalem,Jerusalem,GPE,0.1,0.5,en,2
Jordan,Jordan,GPE,-0.02857142857142857,0.19047619047619047,en,2
New York Citys,New York Citys,GPE,0.1640909090909091,0.399469696969697,en,2
Slovakia,Slovakia,GPE,0.06874999999999999,0.25,en,2
MUMBAI,MUMBAI,GPE,0.0,0.2,en,2
Sacramento,Sacramento,GPE,0.5,0.75,en,2
Donetsk,Donetsk,GPE,0.09666666666666666,0.18333333333333332,en,2
Ottawa,Ottawa,GPE,0.25,0.25,en,2
Haiti,Haiti,GPE,-0.09999999999999998,0.5833333333333334,en,1
Equatorial Guinea,Equatorial Guinea,GPE,-0.09999999999999998,0.5833333333333334,en,1
Myanmar,Myanmar,GPE,-0.09999999999999998,0.5833333333333334,en,1
South China Sea,South China Sea,LOC,-0.3333333333333333,0.6666666666666666,en,1
Palm Beach,Palm Beach,GPE,0.0,0.0,en,1
annihilat,annihilat,GPE,0.0,0.0,en,1
Edinburgh,Edinburgh,GPE,0.175,0.525,en,1
Eritrea,Eritrea,GPE,-0.09999999999999998,0.5833333333333334,en,1
Switzerland,Switzerland,GPE,0.1,0.1,en,1
the Republic of Congo,the Republic of Congo,GPE,-0.09999999999999998,0.5833333333333334,en,1
Lanthimos,Lanthimos,GPE,0.0,0.0,en,1
MA,MA,GPE,0.11904761904761905,0.19047619047619047,en,1
Heroina,Heroina,GPE,0.05,0.2,en,1
ISTANBUL,ISTANBUL,GPE,0.0625,0.22916666666666666,en,1
Middle E,Middle E,LOC,0.1755050505050505,0.2868686868686869,en,1
Chad,Chad,GPE,-0.09999999999999998,0.5833333333333334,en,1
et al,et al,GPE,0.0,0.0,en,1
Asia-Pacific,Asia-Pacific,LOC,0.1,0.1,en,1
Vidi,Vidi,GPE,-0.09375,0.75,en,1
Palm Beach County,Palm Beach County,GPE,0.5,0.75,en,1
Singapore,Singapore,GPE,0.08192307692307692,0.42615384615384616,en,1
Sudan,Sudan,GPE,-0.09999999999999998,0.5833333333333334,en,1
Thursda,Thursda,GPE,0.1,0.4,en,1
the Pacific region,the Pacific region,LOC,0.175,0.175,en,1
Private Islands,Private Islands,LOC,0.0,0.375,en,1
El Salvador,El Salvador,GPE,0.0,0.06666666666666667,en,1
the Pacific Ocean,the Pacific Ocean,LOC,-0.15000000000000002,0.05,en,1
Caribbean Sea,Caribbean Sea,LOC,-0.15000000000000002,0.05,en,1
BEIJING,BEIJING,GPE,0.30476190476190473,0.44285714285714284,en,1
Davos,Davos,GPE,0.1,0.1,en,1
bitcoin,bitcoin,GPE,0.0,0.5,en,1
Yadgir,Yadgir,GPE,0.25,0.2833333333333333,en,1
the Berkshire Hathaway,the Berkshire Hathaway,LOC,0.0,0.5,en,1
Gotham City,Gotham City,GPE,0.0,0.6,en,1
Somalia,Somalia,GPE,-0.09999999999999998,0.5833333333333334,en,1
Busan,Busan,GPE,0.0,0.0,en,1
Epsteins,Epsteins,GPE,0.025000000000000005,0.4916666666666667,en,1
turkey,turkey,GPE,0.0,0.06666666666666667,en,1
New York's,New York's,GPE,0.13636363636363635,0.45454545454545453,en,1
Yemen,Yemen,GPE,-0.09999999999999998,0.5833333333333334,en,1
Santa Monica,Santa Monica,GPE,0.0,0.0,en,1
Windsor Castle,Windsor Castle,GPE,0.1,0.4,en,1
LebanonThe,LebanonThe,GPE,0.1130050505050505,0.2521464646464647,en,1
The Republic / USA,The Republic / USA,GPE,-0.21944444444444441,0.5694444444444444,en,1
harderand,harderand,GPE,0.0,0.0,en,1
Nevada,Nevada,GPE,-0.09999999999999992,0.7833333333333333,en,1
Jounieh,Jounieh,GPE,0.0,0.0,en,1
New York City’s,New York City’s,GPE,0.1965909090909091,0.4448863636363636,en,1
Berkeley,Berkeley,GPE,0.0,0.06666666666666667,en,1
Laos,Laos,GPE,0.25,0.75,en,1
earth WASHINGTON,earth WASHINGTON,GPE,-0.1123456790123457,0.508641975308642,en,1
Kazakhstan,Kazakhstan,GPE,0.25,0.75,en,1
Nove,Nove,GPE,0.0,0.0,en,1
Damascus,Damascus,GPE,0.1875,0.3125,en,1
accor,accor,GPE,0.17142857142857143,0.4922619047619048,en,1
New Yorks,New Yorks,GPE,0.1931818181818182,0.3994949494949495,en,1
Arizona city,Arizona city,GPE,0.0,0.0,en,1
INGLEWOOD,INGLEWOOD,GPE,0.0,0.0,en,1
Gothams,Gothams,GPE,0.4,0.7,en,1
Phoenix,Phoenix,GPE,0.0,0.0,en,1
USA,USA,GPE,-0.025,0.2,en,1
Middle East:“Let,Middle East:“Let,LOC,0.0,0.5,en,1
SANTA FE,SANTA FE,GPE,0.13636363636363635,0.45454545454545453,en,1
N.M.,N.M.,GPE,0.13636363636363635,0.45454545454545453,en,1
QUEBEC,QUEBEC,GPE,0.0,0.0,en,1
MONTREAL,MONTREAL,GPE,0.0,0.0,en,1
Mexico,Mexico,GPE,0.3181818181818182,0.4772727272727273,en,1
Alberta,Alberta,GPE,0.0,0.0,en,1
Gaga,Gaga,GPE,-0.6999999999999998,0.6666666666666666,en,1
Cairo,Cairo,GPE,0.0,0.0,en,1
DC Universe,DC Universe,GPE,0.0,0.0,en,1
Los Angeles',Los Angeles',GPE,0.06818181818181818,0.5,en,1
Saskatchewan,Saskatchewan,GPE,0.0,0.0,en,1
Amyl,Amyl,LOC,-0.10833333333333334,0.10833333333333334,en,1
Kentucky,Kentucky,GPE,-0.15,0.35,en,1
Worldcoin,Worldcoin,LOC,0.0,0.0,en,1
ny,ny,GPE,0.0,0.0,en,1
NJ,NJ,GPE,0.26666666666666666,0.13333333333333333,en,1
North,North,GPE,0.0,0.0,en,1
KOREA,KOREA,GPE,0.06888888888888889,0.591111111111111,en,1
Brittany,Brittany,GPE,0.0,1.0,en,1
South Korea',South Korea',GPE,0.0,0.3333333333333333,en,1
Ameriguns,Ameriguns,GPE,-0.10000000000000002,0.19999999999999998,en,1
celebr,celebr,GPE,0.5,0.5,en,1
Palm Beach Coun,Palm Beach Coun,GPE,0.5,0.75,en,1
Mar,Mar,GPE,0.8,0.75,en,1
ABUJA,ABUJA,GPE,0.0,0.4000000000000001,en,1
the NCU Tar Heel,the NCU Tar Heel,LOC,0.25,0.45,en,1
Jarhanpur,Jarhanpur,GPE,0.0,1.0,en,1
Gal Gadot,Gal Gadot,LOC,0.18333333333333332,0.5,en,1
LOS ANGELES,LOS ANGELES,GPE,0.4666666666666667,0.7833333333333333,en,1
WEST PALM BEACH,WEST PALM BEACH,GPE,0.0,0.0,en,1
Yukon,Yukon,LOC,0.0,0.0,en,1
Courtro,Courtro,GPE,0.0,0.0,en,1
Prince Albert,Prince Albert,GPE,0.0,0.0,en,1
Atlantic Coast Conference,Atlantic Coast Conference,LOC,0.0037037037037036904,0.6611111111111111,en,1
the North Carolina Tar Heels,the North Carolina Tar Heels,GPE,0.35000000000000003,0.45,en,1
North Carolinas,North Carolinas,GPE,0.32500000000000007,0.6166666666666667,en,1
pneumon,pneumon,GPE,0.0,0.0,en,1
North Jersey,North Jersey,GPE,0.07878787878787878,0.5848484848484848,en,1
North Carolina’s,North Carolina’s,GPE,0.4000000000000001,0.9,en,1
Cincinnati,Cincinnati,GPE,-0.2,0.4,en,1
Del Valle,Del Valle,GPE,0.0,0.0,en,1
Dareh,Dareh,GPE,0.0,0.0,en,1
Central Park,Central Park,LOC,0.12666666666666665,0.6633333333333333,en,1
L.A,L.A,GPE,0.0,0.1,en,1
Batfleck forever,Batfleck forever,GPE,0.0,0.0,en,1
the United...,the United...,GPE,0.0,0.06666666666666667,en,1
New START,New START,GPE,0.13636363636363635,0.45454545454545453,en,1
West 42nd Street,West 42nd Street,LOC,0.1621212121212121,0.3765151515151515,en,1
Ivory Bowow,Ivory Bowow,GPE,0.0,0.0,en,1
Florida State,Florida State,GPE,-1.0,1.0,en,1
Old Hollywood,Old Hollywood,GPE,0.1,0.2,en,1
Portofino,Portofino,GPE,0.0,0.0,en,1
Lake Como,Lake Como,LOC,0.0,0.0,en,1
Europes,Europes,LOC,0.0,0.0,en,1
Grand D…,Grand D…,GPE,0.3181818181818182,0.7272727272727273,en,1
Gaza Strip,Gaza Strip,GPE,0.13333333333333333,0.19999999999999998,en,1
Spain,Spain,GPE,-0.3,0.6,en,1
Orbán,Orbán,GPE,0.0,0.0,en,1
Grand Blanc,Grand Blanc,GPE,0.25,0.55,en,1
Republica,Republica,GPE,-0.09583333333333333,0.3,en,1
Tilly Norwood,Tilly Norwood,GPE,0.25,0.5,en,1
Blanc,Blanc,GPE,0.0,0.0,en,1
Maui,Maui,GPE,0.0,0.0,en,1
philanthropyThe Hill,philanthropyThe Hill,LOC,0.0,0.0,en,1
East Village,East Village,LOC,0.0,0.0,en,1
East 6th Street,East 6th Street,LOC,0.0,0.0,en,1
ave,ave,GPE,0.0,0.0,en,1
Yellowstone National Park,Yellowstone National Park,GPE,0.0,0.0,en,1
Cambodia,Cambodia,GPE,0.5,0.6,en,1
Los,Los,GPE,0.5,0.9,en,1
Nort,Nort,LOC,0.16666666666666666,0.43333333333333335,en,1
New York AG,New York AG,GPE,0.13636363636363635,0.45454545454545453,en,1
Francia,Francia,GPE,0.006249999999999992,0.39999999999999997,en,1
Modi,Modi,GPE,0.0,0.0,en,1
New Zealand,New Zealand,GPE,0.13636363636363635,0.45454545454545453,en,1
Auckland,Auckland,GPE,0.13636363636363635,0.45454545454545453,en,1
Wi-Fi,Wi-Fi,GPE,0.0,0.0,en,1
"Washington, D.C","Washington, D.C",GPE,0.0,0.1,en,1
Yellowstone,Yellowstone,GPE,0.0,0.0,en,1
ALEXANDRIA,ALEXANDRIA,GPE,0.125,0.5,en,1
Saudi Arabia’s,Saudi Arabia’s,GPE,0.2,0.2,en,1
Yaghi,Yaghi,GPE,0.8,0.4,en,1
Strasbourg,Strasbourg,GPE,0.0,0.0,en,1
ROME,ROME,GPE,-0.1285714285714286,0.17142857142857146,en,1
ICC,ICC,GPE,0.0,0.0,en,1
Gotham,Gotham,GPE,0.17424242424242423,0.6363636363636364,en,1
Updates,Updates,GPE,0.0,0.0,en,1
Tribeca,Tribeca,GPE,0.19795454545454544,0.34909090909090906,en,1
Austria,Austria,GPE,0.0,0.0,en,1
TENNESSEE,TENNESSEE,GPE,0.0,0.0,en,1
Western Germany,Western Germany,GPE,0.12857142857142856,0.5119047619047619,en,1
North Rhine-,North Rhine-,GPE,0.0,0.04666666666666667,en,1
West Point,West Point,LOC,0.1111111111111111,0.32222222222222224,en,1
Duk… Skip,Duk… Skip,GPE,0.55,0.95,en,1
the South Park,the South Park,LOC,0.3,0.55,en,1
South Park',South Park',LOC,0.15,0.225,en,1
Lancashire,Lancashire,GPE,0.35,0.35000000000000003,en,1
Albano,Albano,GPE,0.0,0.0,en,1
NASHVILLE,NASHVILLE,GPE,0.0,0.0,en,1
OREM,OREM,GPE,0.325,0.5083333333333333,en,1
Dwayne,Dwayne,GPE,0.1,0.1,en,1
West Midlands,West Midlands,GPE,0.08125,0.45,en,1
Nia DaCosta's,Nia DaCosta's,GPE,0.0,0.1111111111111111,en,1
Pabst,Pabst,GPE,0.0,0.0,en,1
G.W.,G.W.,GPE,0.05,0.30000000000000004,en,1
The Rock,The Rock,GPE,0.35000000000000003,0.65,en,1
Indian Creek Island,Indian Creek Island,LOC,0.13636363636363635,0.5,en,1
Malala,Malala,GPE,0.0,0.06666666666666667,en,1
Baltics,Baltics,LOC,0.0,0.0,en,1
Indio,Indio,GPE,0.3,0.45,en,1
Salzburg,Salzburg,GPE,0.0,0.0,en,1
Hong,Hong,GPE,0.0,0.25,en,1
Lib Dem,Lib Dem,GPE,0.0,0.0,en,1
Palestinia,Palestinia,GPE,0.0,0.0,en,1
St Pancras,St Pancras,LOC,0.15,0.175,en,1
Bisignano,Bisignano,GPE,0.0,0.0,en,1
Stansted,Stansted,GPE,-0.30000000000000004,0.2,en,1
Carolina Herrera,Carolina Herrera,GPE,0.35000000000000003,0.39999999999999997,en,1
Hindenburg,Hindenburg,GPE,0.10000000000000002,0.3833333333333333,en,1
KongThomson,KongThomson,GPE,0.0,0.25,en,1
Lehengas,Lehengas,GPE,0.4375,0.6875,en,1
Prada,Prada,GPE,0.06818181818181818,0.37727272727272726,en,1
N.Y.,N.Y.,GPE,0.1,0.1,en,1
Camp Rock 3,Camp Rock 3,LOC,0.1,1.0,en,1
Uk,Uk,GPE,0.0,0.0,en,1
St. Petersburg,St. Petersburg,GPE,0.0,0.0,en,1
St. Peter’s,St. Peter’s,GPE,0.05000000000000002,0.5,en,1
Jafurah,Jafurah,GPE,0.0,0.25,en,1
Kingdom,Kingdom,GPE,-0.008333333333333331,0.17500000000000002,en,1
Lake Albano,Lake Albano,LOC,0.0,0.0,en,1
Battambang,Battambang,GPE,0.5,0.6,en,1
GAZA CITY,GAZA CITY,GPE,0.0,0.0,en,1
lech,lech,GPE,0.0,0.0,en,1
KUWAIT CITY,KUWAIT CITY,GPE,0.25,0.3333333333333333,en,1
QB,QB,LOC,0.0,0.14583333333333331,en,1
Silicon Valley,Silicon Valley,LOC,0.0,0.0,en,1
Bears,Bears,GPE,-0.1,0.65,en,1
Green Bay,Green Bay,LOC,-0.2,0.3,en,1
New Rocks,New Rocks,LOC,0.13636363636363635,0.45454545454545453,en,1
Summit Rock,Summit Rock,LOC,0.5,0.65,en,1
Massachusetts,Massachusetts,GPE,0.1875,0.375,en,1
Apokolips,Apokolips,GPE,0.21428571428571427,0.42857142857142855,en,1
Maccabi Tel Aviv,Maccabi Tel Aviv,GPE,0.0,0.0,en,1
MLS,MLS,GPE,0.13636363636363635,0.45454545454545453,en,1
Tel Aviv,Tel Aviv,GPE,-0.35,0.15000000000000002,en,1
Accra,Accra,GPE,0.0,0.0,en,1
Jamaica,Jamaica,GPE,0.0,0.0,en,1
HAMBURG,HAMBURG,GPE,-0.75,1.0,en,1
Trum,Trum,GPE,0.016666666666666666,0.03333333333333333,en,1
Washington D.C,Washington D.C,GPE,0.13636363636363635,0.45454545454545453,en,1
ONTARIO,ONTARIO,GPE,0.0,0.0,en,1
New Arizona,New Arizona,GPE,0.13636363636363635,0.45454545454545453,en,1
GREEN BAY,GREEN BAY,GPE,-0.016666666666666677,0.26666666666666666,en,1
Argentinean,Argentinean,GPE,0.0,0.0,en,1
tw,tw,GPE,0.025,0.1,en,1
Aliyah,Aliyah,LOC,0.1,0.1,en,1
Saudi Arabia ',Saudi Arabia ',GPE,-0.15555555555555559,0.2888888888888889,en,1
S. Arabia,S. Arabia,GPE,0.0,0.0,en,1
the State of Israel,the State of Israel,GPE,0.05,0.325,en,1
NORWAY,NORWAY,GPE,0.0,0.0,en,1
CHINA,CHINA,GPE,0.0,0.0,en,1
SHANGHAI,SHANGHAI,GPE,0.0,0.0,en,1
Kid Rock Uses Slur To Describe,Kid Rock Uses Slur To Describe,GPE,0.0,0.0,en,1
Eilat,Eilat,GPE,0.2,0.2,en,1
Glendale,Glendale,GPE,0.0,0.1,en,1
Aspinall,Aspinall,GPE,0.0,0.0,en,1
Etihad Arena,Etihad Arena,LOC,-0.016666666666666677,0.3666666666666667,en,1
DCEU,DCEU,GPE,0.0,1.0,en,1
United Arab Emirates,United Arab Emirates,GPE,0.0,0.0,en,1
Kremlin,Kremlin,GPE,0.0,0.0,en,1
música mexicana,música mexicana,GPE,0.0,0.0,en,1
West Bank,West Bank,GPE,0.0,0.0,en,1
Gaza Strikes,Gaza Strikes,GPE,0.0,0.0,en,1
South Florida,South Florida,LOC,0.18125,0.5,en,1
SAN FRANCISCO,SAN FRANCISCO,GPE,0.0,0.0,en,1
Colorado,Colorado,GPE,0.4166666666666667,0.5,en,1
OSLO,OSLO,GPE,0.0,0.0,en,1
OXON HILL,OXON HILL,GPE,0.0,0.0,en,1
Evanston,Evanston,GPE,0.2,0.2,en,1
Blue Origin,Blue Origin,LOC,0.09233766233766234,0.3235064935064935,en,1
Bundestag,Bundestag,GPE,0.25,0.3333333333333333,en,1
Rockies,Rockies,LOC,0.0,0.0,en,1
isolat,isolat,GPE,-0.2,0.6,en,1
Fl,Fl,GPE,0.0625,0.5,en,1
Georges County,Georges County,GPE,-0.05,0.1,en,1
Md.,Md.,GPE,0.0,0.0,en,1
Prince George's County,Prince George's County,GPE,-0.125,0.375,en,1
economi,economi,GPE,0.3090909090909091,0.6636363636363636,en,1
Portugals,Portugals,GPE,0.65,0.45,en,1
new heights,new heights,GPE,0.13636363636363635,0.45454545454545453,en,1
Pyongyang,Pyongyang,GPE,-0.0846590909090909,0.22821969696969696,en,1
Seraphina,Seraphina,GPE,0.25,0.25,en,1
Milan,Milan,GPE,0.0,0.4,en,1
soiluntil,soiluntil,GPE,-0.1125,0.1125,en,1
immunologie,immunologie,GPE,0.0,0.0,en,1
Jupiter,Jupiter,LOC,-0.525,0.65,en,1
Northwestern Univ,Northwestern Univ,LOC,0.0,0.0,en,1
San Francisco,San Francisco,GPE,0.004166666666666666,0.30000000000000004,en,1
Victoria,Victoria,GPE,-0.4,0.7,en,1
L.A. - Realtor.com,L.A. - Realtor.com,GPE,0.0,0.0,en,1
Montauk,Montauk,GPE,-0.45,0.7,en,1
Mumbai,Mumbai,GPE,-0.0625,0.1875,en,1
BRAZIL,BRAZIL,GPE,0.00833333333333334,0.2722222222222222,en,1
Bronx,Bronx,GPE,0.13636363636363635,0.45454545454545453,en,1
Orlando Bloom,Orlando Bloom,GPE,0.0,0.0,en,1
econo,econo,GPE,0.0,0.0,en,1
Waless,Waless,GPE,0.1975,0.21333333333333332,en,1
Charlotte,Charlotte,GPE,0.0,0.0,en,1
Northern Britainand,Northern Britainand,LOC,0.35,0.35,en,1
San Francisco’s,San Francisco’s,GPE,-0.175,0.175,en,1
PITTSBURGH,PITTSBURGH,GPE,-0.05,0.15000000000000002,en,1
Melbourne,Melbourne,GPE,0.225,0.525,en,1
Sahara,Sahara,LOC,0.0,0.0,en,1
New Caledonia's,New Caledonia's,GPE,0.13636363636363635,0.45454545454545453,en,1
Vietnam,Vietnam,GPE,-0.2,0.3,en,1
VENEZUELA,VENEZUELA,GPE,-0.1,0.1,en,1
professo…,professo…,GPE,0.03333333333333336,0.6333333333333333,en,1
Colosseum,Colosseum,GPE,0.0,0.0,en,1
showcasin,showcasin,GPE,0.0625,0.22916666666666666,en,1
